Site,Species,Sapling,Diam1a,Diam1b,DiamDate1,DiamEnd1,DiamDateEnd1,Diam2a,Diam2b,DiamDate2,Diam2notes,Diam3a,Diam3b,DiamDate3,Diam3notes,Diam4a,Diam4b,DiamDate4,Diam4notes
1,lirtu,1-A2 lirtu,3.15,3.43,5/11/17,3.2,9/21/17,,,6/7/18,dead,,,5/29/19,,,,8/13/19,
1,pinta,1-A3 pinta,5.25,4.9,5/11/17,8.21,9/21/17,9.03,8.49,6/7/18,,10.16,9.74,5/29/19,,11.49,10.95,8/13/19,
1,abiba,1-A4 abiba,3.43,3.5,5/11/17,5.9,9/21/17,5.08,4.84,6/7/18,,5.37,5.57,5/29/19,,5.74,5.75,8/13/19,
1,junvi,1-A5 junvi,3.5,4.06,5/11/17,5.07,9/21/17,4.14,4.73,6/7/18,,4.32,4.05,5/29/19,,4.59,4.63,8/13/19,
1,aceru,1-B1 aceru,3.64,3.36,5/11/17,4.08,9/21/17,4.04,4.17,6/7/18,,4.95,5.03,5/29/19,,5.25,5.66,8/13/19,
1,pinvi,1-B2 pinvi,3.5,3.43,5/11/17,4.07,9/21/17,5.58,5.83,6/7/18,,6.78,7.22,5/29/19,,8.75,8.91,8/13/19,
1,pinri,1-B3 pinri,4.9,4.55,5/11/17,5.86,9/21/17,6.92,7,6/7/18,,8.56,8.3,5/29/19,,9.4,8.73,8/13/19,
1,lirtu,1-B4 lirtu,6.3,6.16,5/11/17,7.46,9/21/17,,,6/7/18,dead,,,5/29/19,,,,8/13/19,
1,picru,1-B5 picru,3.64,3.43,5/11/17,3.67,9/21/17,3.72,3.69,6/7/18,,3.88,4.06,5/29/19,,4.24,4.27,8/13/19,
1,quepr,1-C1 quepr,5.53,5.04,5/11/17,7.56,9/21/17,7.45,7.85,6/7/18,,8.12,8.05,5/29/19,,9.11,8.68,8/13/19,
1,pinst,1-C2 pinst,7,7.56,5/11/17,9.05,9/21/17,9.52,9.02,6/7/18,,11.04,10.48,5/29/19,,11,11.05,8/13/19,
1,queru,1-C3 queru,4.55,4.2,5/11/17,5.67,9/21/17,5.21,5.23,6/7/18,,5.58,5.31,5/29/19,,5.14,5.16,8/13/19,
1,queru,1-C4 queru,3.5,3.5,5/11/17,4.15,9/21/17,,,6/7/18,dead,,,5/29/19,,,,8/13/19,
1,abiba,1-C5 abiba,3.43,2.94,5/11/17,4.01,9/21/17,4,4.01,6/7/18,,3.81,4,5/29/19,,3.86,3.8,8/13/19,
1,queal,1-D1 queal,4.9,4.76,5/11/17,4.58,9/21/17,,,6/7/18,,,,5/29/19,,,,8/13/19,
1,aceru,1-D2 aceru,1.96,1.96,5/11/17,3.72,9/21/17,3.65,3.41,6/7/18,,3.86,3.69,5/29/19,,3.75,3.59,8/13/19,
1,picgl,1-D3 picgl,1.8,1.8,5/11/17,1.86,9/21/17,2.49,1.75,6/7/18,,,,5/29/19,,,,8/13/19,
1,quepr,1-D4 quepr,4.55,4.34,5/11/17,6.11,9/21/17,6.28,6.04,6/7/18,,6.61,6.64,5/29/19,,7.17,7.12,8/13/19,
1,queal,1-D5 queal,3.71,3.71,5/11/17,4.33,9/21/17,,,6/7/18,dead,,,5/29/19,,,,8/13/19,
1,pinri,1-E1 pinri,3.36,3.5,5/11/17,3.77,9/21/17,5.17,4.84,6/7/18,,6.22,5.75,5/29/19,,6.73,6.72,8/13/19,
1,quepr,1-E2 quepr,7.14,7.63,5/11/17,9.71,9/21/17,9.81,9.95,6/7/18,,10.09,10.26,5/29/19,,10.93,11.12,8/13/19,
1,pinta,1-E3 pinta,2.45,2.17,5/11/17,2.93,9/21/17,2.76,2.81,6/7/18,,3.08,3.19,5/29/19,,,,8/13/19,"dead: 2.88, 2.84"
1,aceru,1-E4 aceru,2.1,2.66,5/11/17,2.38,9/21/17,2.23,2.38,6/7/18,,2.76,2.39,5/29/19,,,,8/13/19,
1,pinvi,1-E5 pinvi,2.1,2.1,5/11/17,3.68,9/21/17,2.95,2.88,6/7/18,,3.16,2.97,5/29/19,,3.61,3.31,8/13/19,
1,picru,1-F1 picru,3.5,3.57,5/11/17,3.92,9/21/17,,,6/7/18,,,,5/29/19,planted,,,8/13/19,
1,robps,1-F2 robps,3.5,3.78,5/11/17,9.81,9/21/17,11.62,11.46,6/7/18,,19.67,19.16,5/29/19,,26.01,25.91,8/13/19,
1,abiba,1-F3 abiba,2.1,2.1,5/11/17,3.43,9/21/17,3.13,3.29,6/7/18,,3.4,3.38,5/29/19,,3.22,3.38,8/13/19,
1,pinta,1-F4 pinta,4.34,3.85,5/11/17,5.76,9/21/17,6.25,6.64,6/7/18,,8.01,7.74,5/29/19,,9.25,8.82,8/13/19,
1,pinba,1-F5 pinba,7.35,7,5/11/17,11.35,9/21/17,11.66,12.54,6/7/18,,12.33,14.11,5/29/19,,12.81,12.88,8/13/19,
1,pruse,1-F6 pruse,4.34,4.27,5/11/17,6.5,9/21/17,6.5,6.37,6/7/18,,5.94,5.78,5/29/19,,6.39,6.01,8/13/19,
1,robps,1-G1 robps,3.15,3.36,5/11/17,11.2,9/21/17,12.01,11.36,6/7/18,,19.1,20.13,5/29/19,,21.63,21.18,8/13/19,
1,pruse,1-G2 pruse,4.9,5.04,5/11/17,5.07,9/21/17,5,4.97,6/7/18,,4.42,4.88,5/29/19,,4.44,4.72,8/13/19,
1,picru,1-G3 picru,2.8,2.66,5/11/17,3.29,9/21/17,4.22,3.58,6/7/18,,3.7,3.72,5/29/19,,4.1,4.28,8/13/19,
1,picgl,1-G4 picgl,3.22,3.08,5/11/17,4.46,9/21/17,3.48,4.81,6/7/18,,2.94,5.67,5/29/19,,3.93,3.36,8/13/19,
1,pinri,1-G5 pinri,5.95,6.16,5/11/17,11.44,9/21/17,9.78,9.64,6/7/18,,13.79,11.54,5/29/19,,14.24,13.29,8/13/19,
1,queru,1-G6 queru,3.29,3.01,5/11/17,3.66,9/21/17,3.83,3.87,6/7/18,,3.36,3.51,5/29/19,,4.55,3.92,8/13/19,
1,pinst,1-H1 pinst,8.4,8.82,5/11/17,8.8,9/21/17,,,6/7/18,,,,5/29/19,planted?,,,8/13/19,
1,junvi,1-H2 junvi,3.36,3.5,5/11/17,5.3,9/21/17,3.84,3.75,6/7/18,,4.43,3.51,5/29/19,,4.17,4.01,8/13/19,
1,queal,1-H3 queal,3.15,3.36,5/11/17,3.69,9/21/17,3.23,3.51,6/7/18,,3.47,3.34,5/29/19,,3.61,3.65,8/13/19,
1,robps,1-H4 robps,3.85,3.85,5/11/17,13.32,9/21/17,16.74,16.6,6/7/18,,28.58,28.97,5/29/19,,37.26,36.93,8/13/19,
1,pruse,1-H5 pruse,4.62,4.2,5/11/17,5.58,9/21/17,5.93,5.41,6/7/18,,5.17,5.2,5/29/19,,4.88,5.12,8/13/19,
1,pinvi,1-H6 pinvi,2.45,2.24,5/11/17,3.23,9/21/17,3.97,4.02,6/7/18,,5.2,5.4,5/29/19,,6.6,5.63,8/13/19,
1,pinba,1-I1 pinba,6.65,6.65,5/11/17,10.45,9/21/17,11.01,10.72,6/7/18,,13.01,13.21,5/29/19,,14.33,14.41,8/13/19,
1,pinba,1-I2 pinba,7.91,7.7,5/11/17,13.83,9/21/17,13.33,13.55,6/7/18,,15.92,16.94,5/29/19,,17.36,18.98,8/13/19,
1,lirtu,1-I3 lirtu,3,3,5/11/17,,9/21/17,,,6/7/18,,,,5/29/19,dead,,,8/13/19,
1,pinst,1-I4 pinst,6.16,5.95,5/11/17,6.1,9/21/17,,,6/7/18,,,,5/29/19,planted?,,,8/13/19,
1,junvi,1-I5 junvi,2.1,2.24,5/11/17,2.61,9/21/17,2.85,2.99,6/7/18,,3.01,3.26,5/29/19,,3.16,3.01,8/13/19,
1,picgl,1-I6 picgl,3.85,3.85,5/11/17,5.38,9/21/17,5.36,5.28,6/7/18,,5.24,5.58,5/29/19,,5.8,6.15,8/13/19,
1,junvi,1-J1 junvi,2.45,2.66,5/11/17,5.21,9/21/17,4.35,3.75,6/7/18,,3.17,3.39,5/29/19,,3.74,3.8,8/13/19,
1,pinst,1-J2 pinst,6.86,7,5/11/17,9.15,9/21/17,,,6/7/18,,,,5/29/19,planted?,,,8/13/19,
1,pinvi,1-J3 pinvi,2.87,2.8,5/11/17,3.87,9/21/17,4.63,4.81,6/7/18,,5.84,5.76,5/29/19,,6.41,6.35,8/13/19,
1,picgl,1-J4 picgl,2.45,2.45,5/11/17,2.62,9/21/17,3.24,3.18,6/7/18,,3.01,3.12,5/29/19,,3.89,3.63,8/13/19,
1,pinba,1-J5 pinba,4.06,3.85,5/11/17,4.77,9/21/17,5.45,5.8,6/7/18,,7.42,7.39,5/29/19,,7.82,7.37,8/13/19,
1,aceru,1-J6 aceru,2.03,2.17,5/11/17,1.44,9/21/17,,,6/7/18,,,,5/29/19,planted,,,8/13/19,
1,pruse,1-K1 pruse,4.27,4.97,5/11/17,5.88,9/21/17,6,5.73,6/7/18,,5.51,5.7,5/29/19,,5.55,6.18,8/13/19,
1,queal,1-K2 queal,3.85,3.57,5/11/17,4.2,9/21/17,3.92,4.25,6/7/18,,3.84,3.74,5/29/19,,,,8/13/19,"dead: 3.71, 3.68"
1,pinta,1-K3 pinta,4.76,4.55,5/11/17,8.41,9/21/17,7.51,7.52,6/7/18,,8.6,7.48,5/29/19,,8.39,8.24,8/13/19,
1,pinri,1-K4 pinri,3.5,3.5,5/11/17,4.51,9/21/17,6.18,7.13,6/7/18,,6.86,6.5,5/29/19,,8.38,7.76,8/13/19,
1,picru,1-K5 picru,3.43,3.43,5/11/17,3.94,9/21/17,4.44,5.63,6/7/18,,4.38,4.61,5/29/19,r,5.14,5.81,8/13/19,
1,pinst,1-K6 pinst,3.5,3.57,5/11/17,3.26,9/21/17,4.84,5.08,6/7/18,,4.51,4.33,5/29/19,calipers,4.14,4.75,8/13/19,
1,picgl,1-L1 picgl,4.9,4.9,5/11/17,6.9,9/21/17,6.45,8.06,6/7/18,,7.83,9.65,5/29/19,,8.8,10.86,8/13/19,
1,quepr,1-L2 quepr,5.95,6.16,5/11/17,9.82,9/21/17,10.83,10.55,6/7/18,,10.99,10.6,5/29/19,,11.3,10.85,8/13/19,
1,pinba,1-L3 pinba,3.15,3.5,5/11/17,4.6,9/21/17,5.74,5.59,6/7/18,,6.35,6.88,5/29/19,,6.7,6.43,8/13/19,
1,quepr,1-L4 quepr,7.35,7.35,5/11/17,9.46,9/21/17,10.23,10.12,6/7/18,,9.72,9.77,5/29/19,,9.77,9.98,8/13/19,
1,aceru,1-L5 aceru,2.24,2.45,5/11/17,2.49,9/21/17,,,6/7/18,,,,5/29/19,gone,,,8/13/19,
1,picru,1-L6 picru,3.01,3.22,5/11/17,2.79,9/21/17,3.18,3.72,6/7/18,,2.67,2.75,5/29/19,,3.28,3,8/13/19,
1,abiba,1-M1 abiba,2.8,2.8,5/11/17,3.99,9/21/17,3.91,3.94,6/7/18,,4.13,4.09,5/29/19,,4.44,4.23,8/13/19,
1,picgl,1-M2 picgl,2.8,2.8,5/11/17,3.45,9/21/17,3.53,3.66,6/7/18,,3.18,3.17,5/29/19,,3.26,3.35,8/13/19,
1,aceru,1-M3 aceru,2.66,2.66,5/11/17,3.78,9/21/17,3.68,3.44,6/7/18,,3.64,3.81,5/29/19,,3.65,3.47,8/13/19,
1,pinvi,1-M4 pinvi,2.8,2.45,5/11/17,3.56,9/21/17,4.19,4.57,6/7/18,,4.57,4.64,5/29/19,,4.74,4.71,8/13/19,
1,robps,1-M5 robps,3.64,3.57,5/11/17,13.01,9/21/17,15.62,15.91,6/7/18,,26.94,26.79,5/29/19,,33.33,32.94,8/13/19,
1,robps,1-M6 robps,3.5,3.36,5/11/17,9.85,9/21/17,5.97,6.59,6/7/18,,18.71,19.31,5/29/19,,23.63,22.98,8/13/19,
1,pinta,1-N1 pinta,3.36,3.57,5/11/17,5.55,9/21/17,6.32,7.13,6/7/18,,7.31,7.33,5/29/19,,6.57,7.38,8/13/19,
1,queru,1-N2 queru,3.29,3.5,5/11/17,3.71,9/21/17,3.71,3.69,6/7/18,,3.66,3.83,5/29/19,,3.98,4.13,8/13/19,
1,pinri,1-N3 pinri,2.45,2.31,5/11/17,2.87,9/21/17,3.41,2.77,6/7/18,,3.96,3.99,5/29/19,,4.73,5.36,8/13/19,
1,queal,1-N4 queal,4.2,4.9,5/11/17,5.31,9/21/17,,,6/7/18,,,,5/29/19,dead,,,8/13/19,no stem
1,pinta,1-N5 pinta,6.37,6.3,5/11/17,9.15,9/21/17,9.04,9.08,6/7/18,,9.07,9.24,5/29/19,,9,8.3,8/13/19,
1,pinvi,1-O1 pinvi,2.94,2.94,5/11/17,4.42,9/21/17,5.43,5.45,6/7/18,,6.19,5.73,5/29/19,,6.72,6.53,8/13/19,
1,picru,1-O2 picru,4,4,5/11/17,3.98,9/21/17,5,5,6/7/18,,,,5/29/19,double stem,,,8/13/19,planted
1,abiba,1-O3 abiba,2.45,2.66,5/11/17,4.03,9/21/17,3.28,3.76,6/7/18,,3.25,3.38,5/29/19,,4.21,3.69,8/13/19,
1,junvi,1-O4 junvi,3.15,3.15,5/11/17,3.25,9/21/17,4.06,3.48,6/7/18,,3.41,3.29,5/29/19,,3.49,3.69,8/13/19,
1,pinst,1-O5 pinst,4.55,4.9,5/11/17,5.83,9/21/17,6.71,6.59,6/7/18,,7.23,6.75,5/29/19,,7.16,6.68,8/13/19,
1,lirtu,1-P1 lirtu,3.57,3.64,5/11/17,4.17,9/21/17,,,6/7/18,,,,5/29/19,dead,,,8/13/19,no stem
1,junvi,1-P2 junvi,3.15,2.8,5/11/17,3.31,9/21/17,2.75,2.87,6/7/18,,3,3.04,5/29/19,,3.34,3.24,8/13/19,
1,lirtu,1-P3 lirtu,3.57,3.5,5/11/17,3.92,9/21/17,,,6/7/18,,,,5/29/19,planted,,,8/13/19,planted
1,queru,1-P4 queru,3.5,3.43,5/11/17,3.82,9/21/17,4.07,4,6/7/18,,3.82,4.15,5/29/19,,4.37,3.96,8/13/19,
1,pruse,1-P5 pruse,2.87,3.36,5/11/17,3.52,9/21/17,3.77,3.66,6/7/18,,3.53,3.26,5/29/19,"top broken, new ground shoots, measured old stem",3.64,3.53,8/13/19,
1,queru,1-Q1 queru,3.57,3.71,5/11/17,5.83,9/21/17,,,6/7/18,,,,5/29/19,"dead: 4.6, 4.57",,,8/13/19,dead
1,robps,1-Q2 robps,4.27,4.41,5/11/17,16.31,9/21/17,19.74,18.58,6/7/18,,31.55,30.83,5/29/19,,37.41,37.53,8/13/19,
1,pruse,1-Q3 pruse,4.27,4.27,5/11/17,5.33,9/21/17,4.9,5.04,6/7/18,,5.01,5.08,5/29/19,,5.03,4.97,8/13/19,
1,abiba,1-Q4 abiba,3.15,3.15,5/11/17,4.68,9/21/17,4.19,4.65,6/7/18,,4.43,4.31,5/29/19,,4.86,4.99,8/13/19,
1,lirtu,1-Q5 lirtu,2.94,2.8,5/11/17,3.35,9/21/17,,,6/7/18,,,,5/29/19,planted?,,,8/13/19,empty
1,quepr,1-R2 quepr,5.6,6.3,5/11/17,8.01,9/21/17,8.66,9.26,6/7/18,,9.6,9.98,5/29/19,,10.27,10.72,8/13/19,
1,pinba,1-R3 pinba,5.6,5.95,5/11/17,8.51,9/21/17,10.11,10.18,6/7/18,,10.97,11.41,5/29/19,,12.27,12.15,8/13/19,
1,pinri,1-R4 pinri,4.9,4.9,5/11/17,6.61,9/21/17,7.59,6.83,6/7/18,,8.65,9.09,5/29/19,,9.42,9.93,8/13/19,
1,queal,1-R5 queal,4.76,4.55,5/11/17,5.71,9/21/17,5,4.71,6/7/18,,4.93,4.77,5/29/19,,5.65,5.33,8/13/19,
2,lirtu,2-A2 lirtu,3.15,3.15,5/11/17,3.39,9/14/17,,,6/7/18,,,,5/29/19,dead,,,8/13/19,seedlings
2,pinta,2-A3 pinta,4.27,4.06,5/11/17,6.68,9/14/17,6.82,6.51,6/7/18,,8.29,8.26,5/29/19,withered,7.77,6.58,8/13/19,
2,abiba,2-A4 abiba,3.15,3.5,5/11/17,3.99,9/14/17,3.88,3.79,6/7/18,,4.74,4.5,5/29/19,,5.39,5.05,8/13/19,
2,junvi,2-A5 junvi,2.45,2.45,5/11/17,6.75,9/14/17,3.53,3.65,6/7/18,,5.3,5.46,5/29/19,,6.06,5.79,8/13/19,
2,aceru,2-B1 aceru,4.55,4.06,5/11/17,6.65,9/14/17,6.27,6.15,6/7/18,,7.96,7.94,5/29/19,,7.63,7.51,8/13/19,
2,pinvi,2-B2 pinvi,2.17,2.1,5/11/17,3.47,9/14/17,3.4,3.45,6/7/18,,4.27,4.11,5/29/19,,5.31,5.07,8/13/19,
2,pinri,2-B3 pinri,6.16,6.3,5/11/17,10.81,9/14/17,9.9,10.09,6/7/18,,13.4,13.63,5/29/19,,17.45,20.23,8/13/19,
2,lirtu,2-B4 lirtu,3.92,3.78,5/11/17,5.22,9/14/17,5.76,5.42,6/7/18,,,,5/29/19,,,,8/13/19,
2,picru,2-B5 picru,3.08,3.5,5/11/17,3.74,9/14/17,3.63,3.43,6/7/18,,4.15,4.6,5/29/19,,4.79,4.31,8/13/19,
2,quepr,2-C1 quepr,4.34,4.55,5/11/17,8.05,9/14/17,6.43,6.52,6/7/18,,7.65,7.58,5/29/19,,8.9,8.78,8/13/19,
2,pinst,2-C2 pinst,4.55,4.76,5/11/17,6.85,9/14/17,7.03,7.64,6/7/18,,8.29,8.4,5/29/19,,9.21,9.08,8/13/19,
2,queru,2-C3 queru,4.2,4.34,5/11/17,5.03,9/14/17,4.9,5.08,6/7/18,,4.9,4.72,5/29/19,,5.45,5.5,8/13/19,
2,queru,2-C4 queru,3.5,3.5,5/11/17,4.27,9/14/17,4.29,4.46,6/7/18,,4.16,4.47,5/29/19,,4.62,4.42,8/13/19,
2,abiba,2-C5 abiba,3.15,3.15,5/11/17,4.23,9/14/17,3.53,3.71,6/7/18,,4.05,4.12,5/29/19,,4.75,4.53,8/13/19,
2,queal,2-D1 queal,4.27,4.34,5/11/17,5.23,9/14/17,5.56,5.54,6/7/18,,6.48,6.04,5/29/19,,6.96,7.18,8/13/19,
2,aceru,2-D2 aceru,3.15,2.8,5/11/17,3.3,9/14/17,,,6/7/18,,,,5/29/19,planted/empty,,,8/13/19,
2,picgl,2-D3 picgl,2,2,5/11/17,2.07,9/14/17,2.15,2.58,6/7/18,,2.04,2.01,5/29/19,,2.81,3.15,8/13/19,
2,quepr,2-D4 quepr,5.6,5.25,5/11/17,7.49,9/14/17,7.66,7.48,6/7/18,,8.18,7.86,5/29/19,,8.86,8.67,8/13/19,
2,queal,2-D5 queal,4.06,3.85,5/11/17,3.5,9/14/17,3.01,3.03,6/7/18,,2.74,2.65,5/29/19,new stem old one dead,3.78,3.29,8/13/19,
2,pinri,2-E1 pinri,3.85,3.64,5/11/17,5.63,9/14/17,6.45,6.14,6/7/18,,6.74,6.76,5/29/19,,8.76,7.45,8/13/19,
2,quepr,2-E2 quepr,4.97,4.69,5/11/17,7.19,9/14/17,6.46,6.86,6/7/18,,7.09,7.47,5/29/19,,7.92,8.49,8/13/19,
2,pinta,2-E3 pinta,3.85,4.2,5/11/17,7.25,9/14/17,,,6/7/18,,,,5/29/19,dead,,,8/13/19,
2,aceru,2-E4 aceru,2.45,2.59,5/11/17,2.46,9/14/17,,,6/7/18,,,,5/29/19,empty/planted?,,,8/13/19,
2,pinvi,2-E5 pinvi,2.73,2.73,5/11/17,3.28,9/14/17,4.05,4.15,6/7/18,,4.96,4.39,5/29/19,,5.65,5.01,8/13/19,
2,picru,2-F1 picru,2.66,2.66,5/11/17,3.9,9/14/17,4,4.15,6/7/18,,4.53,4.51,5/29/19,,5.45,5.4,8/13/19,
2,robps,2-F2 robps,2.59,2.59,5/11/17,4.19,9/14/17,5.29,5.42,6/7/18,,7.33,7.12,5/29/19,,8.13,7.99,8/13/19,
2,abiba,2-F3 abiba,2.8,2.94,5/11/17,3.91,9/14/17,3.72,3.73,6/7/18,,4.02,4.02,5/29/19,,4.21,4.08,8/13/19,
2,pinta,2-F4 pinta,3.5,3.5,5/11/17,5.92,9/14/17,,,6/7/18,,,,5/29/19,dead,,,8/13/19,
2,pinba,2-F5 pinba,5.6,6.3,5/11/17,8.46,9/14/17,9.49,8.78,6/7/18,,11.48,11.18,5/29/19,,13.49,14.65,8/13/19,
2,pruse,2-F6 pruse,5.25,4.97,5/11/17,6.11,9/14/17,7.63,7.83,6/7/18,,6.2,7.88,5/29/19,,5.15,5.62,8/13/19,measured longest live stem
2,robps,2-G1 robps,7.35,7.35,5/11/17,15.58,9/14/17,17.45,17.78,6/7/18,,29.12,27.53,5/29/19,,35.26,34.04,8/13/19,
2,pruse,2-G2 pruse,3.5,2.8,5/11/17,4.24,9/14/17,2.42,2.51,6/7/18,,3.05,3.18,5/29/19,og stem broken/dead  new stem ,3.98,3.69,8/13/19,
2,picru,2-G3 picru,2.1,2.17,5/11/17,2.07,9/14/17,,,6/7/18,,,,5/29/19,empty/planted?,,,8/13/19,
2,picgl,2-G4 picgl,4.55,3.85,5/11/17,5.7,9/14/17,5.75,5.72,6/7/18,,7.2,6.67,5/29/19,,6.87,7.9,8/13/19,
2,pinri,2-G5 pinri,2.8,2.45,5/11/17,3.68,9/14/17,3.64,3.12,6/7/18,,3.68,4.04,5/29/19,,4.25,3.92,8/13/19,
2,queru,2-G6 queru,4.41,4.83,5/11/17,6.28,9/14/17,6.89,7.06,6/7/18,,6.66,6.24,5/29/19,,6.81,6.63,8/13/19,
2,pinst,2-H1 pinst,6.16,6.3,5/11/17,8.16,9/14/17,,,6/7/18,,,,5/29/19,planted,,,8/13/19,
2,junvi,2-H2 junvi,3.57,3.43,5/11/17,4.58,9/14/17,4.89,4.91,6/7/18,,7,6.06,5/29/19,,7.35,7.04,8/13/19,
2,queal,2-H3 queal,4.2,4.2,5/11/17,4.37,9/14/17,,,6/7/18,,,,5/29/19,dead,,,8/13/19,
2,robps,2-H4 robps,3.85,4.06,5/11/17,11.75,9/14/17,14.15,14.34,6/7/18,,24.83,24.33,5/29/19,,29.3,31.58,8/13/19,
2,pruse,2-H5 pruse,3.64,3.57,5/11/17,4.88,9/14/17,4.77,4.84,6/7/18,,4.08,4.06,5/29/19,,4.57,4.17,8/13/19,
2,pinvi,2-H6 pinvi,2.8,2.66,5/11/17,3.06,9/14/17,3.65,3.56,6/7/18,,4.4,4.53,5/29/19,,5.43,4.49,8/13/19,
2,pinba,2-I1 pinba,7.35,7.07,5/11/17,12.6,9/14/17,11.64,11.8,6/7/18,,13.71,14.86,5/29/19,,16.01,16.6,8/13/19,
2,pinba,2-I2 pinba,5.95,6.16,5/11/17,14.53,9/14/17,10.47,10.86,6/7/18,,14.04,13.52,5/29/19,,16.23,16.2,8/13/19,
2,lirtu,2-I3 lirtu,5.25,5.04,5/11/17,7.24,9/14/17,7.65,7.27,6/7/18,,,,5/29/19,,,,8/13/19,
2,pinst,2-I4 pinst,5.6,5.32,5/11/17,7.91,9/14/17,8.39,8.73,6/7/18,,9.02,9.29,5/29/19,,9.94,10.24,8/13/19,
2,junvi,2-I5 junvi,1.96,1.96,5/11/17,2.45,9/14/17,1.93,1.89,6/7/18,,1.97,2.69,5/29/19,,2.33,2.76,8/13/19,
2,picgl,2-I6 picgl,3.43,3.01,5/11/17,3.62,9/14/17,6.31,6.01,6/7/18,,6.93,6.17,5/29/19,,8.22,6.5,8/13/19,
2,junvi,2-J1 junvi,3.15,3.01,5/11/17,5.82,9/14/17,4.55,4.62,6/7/18,,6.18,6.19,5/29/19,,5.68,5.2,8/13/19,
2,pinst,2-J2 pinst,4.9,5.04,5/11/17,6.98,9/14/17,7.54,7.73,6/7/18,,9.4,8.71,5/29/19,,9.43,9.2,8/13/19,
2,pinvi,2-J3 pinvi,2.31,2.17,5/11/17,3.02,9/14/17,3.73,3.4,6/7/18,,4.92,5.7,5/29/19,,4.94,4.65,8/13/19,
2,picgl,2-J4 picgl,2.66,2.66,5/11/17,2.56,9/14/17,2.87,2.87,6/7/18,,2.3,2.54,5/29/19,DBH taken on right stem,2.81,2.82,8/13/19,dbh taken on live stem
2,pinba,2-J5 pinba,5.95,5.95,5/11/17,9.06,9/14/17,9.73,10.2,6/7/18,,11.23,12.8,5/29/19,,12.01,12.07,8/13/19,
2,aceru,2-J6 aceru,3.5,3.15,5/11/17,,9/14/17,,,6/7/18,,,,5/29/19,planted,,,8/13/19,
2,pruse,2-K1 pruse,5.25,5.04,5/11/17,6.51,9/14/17,6.19,6.6,6/7/18,,7.62,7.02,5/29/19,,6.97,6.91,8/13/19,
2,queal,2-K2 queal,3.85,3.64,5/11/17,3.51,9/14/17,5.05,7.41,6/7/18,,8.75,4.16,5/29/19,"DBH taken on double stem, one stem dead",3.61,3.54,8/13/19,dbh taken on live stem
2,pinta,2-K3 pinta,5.25,5.32,5/11/17,6.54,9/14/17,6.57,6.12,6/7/18,,7.41,7.94,5/29/19,,7.65,7.54,8/13/19,
2,pinri,2-K4 pinri,3.22,3.5,5/11/17,4.95,9/14/17,5.78,5.58,6/7/18,,7.1,7.8,5/29/19,,8.11,7.37,8/13/19,
2,picru,2-K5 picru,2.8,2.8,5/11/17,3.2,9/14/17,3.06,3.04,6/7/18,,3.64,4.39,5/29/19,,3.29,3.37,8/13/19,
2,pinst,2-K6 pinst,6.86,5.74,5/11/17,6.01,9/14/17,6.62,7.23,6/7/18,,7.16,7.46,5/29/19,,6.75,6.92,8/13/19,
2,picgl,2-L1 picgl,3.5,3.43,5/11/17,4.63,9/14/17,4.84,4.53,6/7/18,,5.39,5.34,5/29/19,,5.52,5.57,8/13/19,
2,quepr,2-L2 quepr,5.6,4.9,5/11/17,6.65,9/14/17,7.53,7.28,6/7/18,,7.73,8.41,5/29/19,,7.29,7.47,8/13/19,
2,pinba,2-L3 pinba,4.2,4.2,5/11/17,6.21,9/14/17,8.27,8.37,6/7/18,,9.14,9.33,5/29/19,,10.24,10.05,8/13/19,
2,quepr,2-L4 quepr,5.95,5.6,5/11/17,8.28,9/14/17,8.85,7.54,6/7/18,,7.75,7.88,5/29/19,,7.84,7.5,8/13/19,
2,aceru,2-L5 aceru,2.8,3.01,5/11/17,,9/14/17,,,6/7/18,,,,5/29/19,planted,,,8/13/19,
2,picru,2-L6 picru,3.01,3.15,5/11/17,3.88,9/14/17,,,6/7/18,,,,5/29/19,planted,,,8/13/19,
2,abiba,2-M1 abiba,3.85,3.5,5/11/17,5.34,9/14/17,4.77,3.88,6/7/18,,5.47,5.41,5/29/19,,5.33,5.3,8/13/19,
2,picgl,2-M2 picgl,2.8,2.59,5/11/17,3.58,9/14/17,2.9,3.18,6/7/18,,2.18,3.39,5/29/19,,3.25,3.16,8/13/19,
2,aceru,2-M3 aceru,2.8,2.66,5/11/17,3.59,9/14/17,3.31,3.47,6/7/18,,3.49,3.59,5/29/19,,,,8/13/19,"dead; 3.12, 3.26"
2,pinvi,2-M4 pinvi,2.45,2.45,5/11/17,3.9,9/14/17,3.58,3.25,6/7/18,,3.43,3.48,5/29/19,,3.77,3.94,8/13/19,
2,robps,2-M5 robps,2.52,2.59,5/11/17,5.99,9/14/17,7.55,7,6/7/18,,14.04,14.62,5/29/19,,17.51,16.12,8/13/19,
2,robps,2-M6 robps,,,5/11/17,,9/14/17,,,6/7/18,,,,5/29/19,,,,8/13/19,fraxinus
2,pinta,2-N1 pinta,3.5,3.5,5/11/17,4.72,9/14/17,6.53,5.67,6/7/18,,7.37,7.43,5/29/19,,8.17,8.06,8/13/19,
2,queru,2-N2 queru,3.85,3.5,5/11/17,4.62,9/14/17,4.49,4.87,6/7/18,,4.37,4.8,5/29/19,,4.34,4.11,8/13/19,
2,pinri,2-N3 pinri,3.64,3.85,5/11/17,5.55,9/14/17,7.12,6.29,6/7/18,,8.25,7.82,5/29/19,,8.08,7.2,8/13/19,
2,queal,2-N4 queal,3.5,3.15,5/11/17,3.4,9/14/17,4.01,3.3,6/7/18,,,,5/29/19,uprooted,,,8/13/19,
2,pinta,2-N5 pinta,3.15,3.22,5/11/17,4.34,9/14/17,3.99,4.09,6/7/18,,4.17,3.98,5/29/19,,3.76,4.05,8/13/19,
2,pinvi,2-O1 pinvi,2.45,2.45,5/11/17,3.66,9/14/17,4.03,4.57,6/7/18,,6.03,5.76,5/29/19,,6.94,7.21,8/13/19,
2,picru,2-O2 picru,2.45,2.59,5/11/17,3.53,9/14/17,3.16,3.1,6/7/18,,3.41,3.44,5/29/19,,3.29,3.33,8/13/19,
2,abiba,2-O3 abiba,3.5,3.5,5/11/17,5.17,9/14/17,3.63,4.64,6/7/18,,3.94,3.58,5/29/19,,4.37,3.31,8/13/19,
2,junvi,2-O4 junvi,2.1,2.1,5/11/17,2.09,9/14/17,3.07,3.04,6/7/18,,3.71,3.47,5/29/19,,3.54,3.46,8/13/19,
2,pinst,2-O5 pinst,3.64,3.85,5/11/17,6.65,9/14/17,6.45,7.24,6/7/18,,7.23,7.7,5/29/19,,7.38,6.91,8/13/19,
2,lirtu,2-P1 lirtu,5.25,5.25,5/11/17,7.33,9/14/17,7.04,6.77,6/7/18,,,,5/29/19,,,,8/13/19,"dead: 5,89, 5.48"
2,junvi,2-P2 junvi,3.15,3.5,5/11/17,3.9,9/14/17,4.14,3.96,6/7/18,,5.25,5.25,5/29/19,,5.62,5.38,8/13/19,
2,lirtu,2-P3 lirtu,4.2,4.55,5/11/17,,9/14/17,,,6/7/18,,,,5/29/19,dead,,,8/13/19,liqst planted
2,queru,2-P4 queru,3.15,2.8,5/11/17,3.52,9/14/17,3.29,3.29,6/7/18,,3.38,3.51,5/29/19,,3.54,3.39,8/13/19,
2,pruse,2-P5 pruse,2.45,2.66,5/11/17,3.49,9/14/17,4.9,4.21,6/7/18,,3.03,3.31,5/29/19,,2.91,2.93,8/13/19,
2,queru,2-Q1 queru,5.25,5.04,5/11/17,5.72,9/14/17,6.28,6.51,6/7/18,,5.91,6.04,5/29/19,,6.27,6.22,8/13/19,
2,robps,2-Q2 robps,6.16,6.23,5/11/17,16.84,9/14/17,21.73,21.15,6/7/18,,37.89,38.46,5/29/19,,45.08,48.29,8/13/19,
2,pruse,2-Q3 pruse,3.5,3.5,5/11/17,3.56,9/14/17,3.97,3.69,6/7/18,,3.7,3.4,5/29/19,,3.54,3.6,8/13/19,
2,abiba,2-Q4 abiba,3.01,2.94,5/11/17,4.52,9/14/17,4.53,4.26,6/7/18,,5.32,5.41,5/29/19,,6.21,5.96,8/13/19,
2,lirtu,2-Q5 lirtu,3.57,3.57,5/11/17,4.82,9/14/17,4.72,5.06,6/7/18,,,,5/29/19,,,,8/13/19,"dead: 4.47, 4.32"
2,quepr,2-R2 quepr,5.67,6.09,5/11/17,9.11,9/14/17,7.95,7.66,6/7/18,,8.64,9.05,5/29/19,,9.34,9.3,8/13/19,
2,pinba,2-R3 pinba,6.3,6.37,5/11/17,11.59,9/14/17,11.27,11.1,6/7/18,,11.14,12.34,5/29/19,,13.52,12.12,8/13/19,
2,pinri,2-R4 pinri,4.69,4.55,5/11/17,9.58,9/14/17,8.55,8.81,6/7/18,,10.89,10.32,5/29/19,,11.67,11.84,8/13/19,
2,queal,2-R5 queal,4.06,4.2,5/11/17,6,9/14/17,5.2,5.04,6/7/18,,5.69,5.83,5/29/19,,5.39,5.62,8/13/19,
3,lirtu,3-A2 lirtu,4.55,4.2,5/11/17,,9/14/17,,,6/7/18,,,,5/29/19,planted,,,8/13/19,
3,pinta,3-A3 pinta,4.2,4.34,5/11/17,6.52,9/14/17,,,6/7/18,,,,5/29/19,dead,,,8/13/19,
3,abiba,3-A4 abiba,3.29,3.5,5/11/17,4.05,9/14/17,4.3,4.31,6/7/18,,6.26,5.77,5/29/19,,8.07,7.8,8/13/19,
3,junvi,3-A5 junvi,2.87,3.29,5/11/17,4.61,9/14/17,,,6/7/18,,,,5/29/19,dead,,,8/13/19,
3,aceru,3-B1 aceru,2.31,2.24,5/11/17,3.5,9/14/17,,,6/7/18,,,,5/29/19,dead,,,8/13/19,
3,pinvi,3-B2 pinvi,3.01,3.36,5/11/17,5.54,9/14/17,,,6/7/18,,,,5/29/19,dead,,,8/13/19,
3,pinri,3-B3 pinri,6.51,6.16,5/11/17,8.84,9/14/17,9.87,9.86,6/7/18,,13.85,14.13,5/29/19,,16.84,16.25,8/13/19,
3,lirtu,3-B4 lirtu,5.04,4.97,5/11/17,8.08,9/14/17,,,6/7/18,,,,5/29/19,dead,,,8/13/19,
3,picru,3-B5 picru,2.66,2.45,5/11/17,3.67,9/14/17,3.5,3.51,6/7/18,,4.8,4.98,5/29/19,,6.35,6.81,8/13/19,
3,quepr,3-C1 quepr,4.9,4.9,5/11/17,6.32,9/14/17,,,6/7/18,,,,5/29/19,dead,,,8/13/19,
3,pinst,3-C2 pinst,5.95,5.74,5/11/17,8.67,9/14/17,10.48,9.33,6/7/18,,11.52,11.4,5/29/19,,11.44,12.21,8/13/19,
3,queru,3-C3 queru,3.15,3.15,5/11/17,4.34,9/14/17,,,6/7/18,,,,5/29/19,dead,,,8/13/19,
3,queru,3-C4 queru,3.5,3.36,5/11/17,3.32,9/14/17,,,6/7/18,,,,5/29/19,dead,,,8/13/19,
3,abiba,3-C5 abiba,3.36,3.22,5/11/17,4.84,9/14/17,5.88,5.84,6/7/18,,,,5/29/19,"dead; 4.11, 4.29",,,8/13/19,
3,queal,3-D1 queal,3.15,2.94,5/11/17,3.83,9/14/17,3.35,3.38,6/7/18,,3.7,3.58,5/29/19,,,,8/13/19,"dead: 3.45, 3.52"
3,aceru,3-D2 aceru,3.01,2.66,5/11/17,3.67,9/14/17,,,6/7/18,,,,5/29/19,dead,,,8/13/19,
3,picgl,3-D3 picgl,5.04,4.9,5/11/17,5.97,9/14/17,,,6/7/18,,,,5/29/19,plamted,,,8/13/19,
3,quepr,3-D4 quepr,3.64,3.5,5/11/17,4.42,9/14/17,,,6/7/18,,,,5/29/19,dead,,,8/13/19,
3,queal,3-D5 queal,3.15,3.15,5/11/17,4.4,9/14/17,,,6/7/18,,,,5/29/19,dead,,,8/13/19,
3,pinri,3-E1 pinri,3.5,3.36,5/11/17,5.92,9/14/17,6.43,7.47,6/7/18,,9.78,11.22,5/29/19,,13.09,14.6,8/13/19,
3,quepr,3-E2 quepr,4.06,3.85,5/11/17,4.66,9/14/17,,,6/7/18,,,,5/29/19,dead,,,8/13/19,
3,pinta,3-E3 pinta,3.64,3.92,5/11/17,4.56,9/14/17,,,6/7/18,,,,5/29/19,dead,,,8/13/19,
3,aceru,3-E4 aceru,2.45,2.52,5/11/17,,9/14/17,,,6/7/18,,,,5/29/19,empty,,,8/13/19,
3,pinvi,3-E5 pinvi,3.22,3.22,5/11/17,4.97,9/14/17,,,6/7/18,,,,5/29/19,dead,,,8/13/19,
3,picru,3-F1 picru,2.8,3.01,5/11/17,3.92,9/14/17,3.65,3.67,6/7/18,,3.87,4.42,5/29/19,uprooting,4.69,5.36,8/13/19,
3,robps,3-F2 robps,3.5,3.64,5/11/17,10.13,9/14/17,12.36,12.57,6/7/18,,19.35,19.79,5/29/19,,23.02,21.67,8/13/19,
3,abiba,3-F3 abiba,3.64,3.64,5/11/17,6.05,9/14/17,,,6/7/18,,,,5/29/19,dead,,,8/13/19,
3,pinta,3-F4 pinta,3.15,3.15,5/11/17,3.72,9/14/17,,,6/7/18,,,,5/29/19,planted,,,8/13/19,
3,pinba,3-F5 pinba,4.9,4.9,5/11/17,5.11,9/14/17,11.47,11.58,6/7/18,,17.93,17.77,5/29/19,,23.78,22.33,8/13/19,
3,pruse,3-F6 pruse,4.55,4.2,5/11/17,5.83,9/14/17,,,6/7/18,,,,5/29/19,dead,,,8/13/19,
3,robps,3-G1 robps,5.74,5.6,5/11/17,6.86,9/14/17,9.83,10.5,6/7/18,,,,5/29/19,decline,,,8/13/19,
3,pruse,3-G2 pruse,3.29,3.29,5/11/17,3.52,9/14/17,,,6/7/18,,,,5/29/19,dead,,,8/13/19,
3,picru,3-G3 picru,2.8,2.8,5/11/17,3.42,9/14/17,3.27,3.27,6/7/18,,3.06,3.19,5/29/19,decline,3.8,3.64,8/13/19,looks ok!
3,picgl,3-G4 picgl,4.9,4.9,5/11/17,5,9/14/17,4.15,5,6/7/18,,5.97,7,5/29/19,2 braches measuered left,6.29,8,8/13/19,
3,pinri,3-G5 pinri,3.15,3.36,5/11/17,4.78,9/14/17,7.24,7.94,6/7/18,,11.1,10.63,5/29/19,,14.76,13.98,8/13/19,
3,queru,3-G6 queru,3.85,4.06,5/11/17,6.21,9/14/17,5.75,5.38,6/7/18,,6.4,6.01,5/29/19,,6.39,6.05,8/13/19,
3,pinst,3-H1 pinst,6.44,6.3,5/11/17,9.79,9/14/17,9.73,9.54,6/7/18,,11.36,12.79,5/29/19,,12.08,12.89,8/13/19,
3,junvi,3-H2 junvi,3.15,3.22,5/11/17,4.1,9/14/17,4.35,4.38,6/7/18,,3.84,4.01,5/29/19,,3.7,3.84,8/13/19,
3,queal,3-H3 queal,3.29,3.15,5/11/17,3.67,9/14/17,,,6/7/18,,,,5/29/19,dead,,,8/13/19,
3,robps,3-H4 robps,4.2,4.2,5/11/17,11.07,9/14/17,12.9,12.95,6/7/18,,19.36,17.62,5/29/19,,18.55,18.25,8/13/19,
3,pruse,3-H5 pruse,4.34,4.41,5/11/17,5.66,9/14/17,5.97,5.48,6/7/18,,5.71,5.44,5/29/19,,6.42,6.36,8/13/19,
3,pinvi,3-H6 pinvi,2.1,2.24,5/11/17,4.64,9/14/17,,,6/7/18,,,,5/29/19,dead,,,8/13/19,
3,pinba,3-I1 pinba,4.34,4.55,5/11/17,7.53,9/14/17,8.57,9.33,6/7/18,,11.07,12.61,5/29/19,,14.54,16.07,8/13/19,
3,pinba,3-I2 pinba,7,7,5/11/17,11.48,9/14/17,12.76,12.79,6/7/18,,17.03,17.22,5/29/19,,21.53,21.31,8/13/19,
3,lirtu,3-I3 lirtu,3.64,3.85,5/11/17,3.18,9/14/17,,,6/7/18,,,,5/29/19,dead,,,8/13/19,
3,pinst,3-I4 pinst,5.6,5.6,5/11/17,,9/14/17,,,6/7/18,,,,5/29/19,empty,,,8/13/19,
3,junvi,3-I5 junvi,2.94,3.15,5/11/17,4.68,9/14/17,,,6/7/18,,,,5/29/19,dead,,,8/13/19,
3,picgl,3-I6 picgl,2.1,2.1,5/11/17,,9/14/17,,,6/7/18,,,,5/29/19,empty,,,8/13/19,
3,junvi,3-J1 junvi,2.94,2.66,5/11/17,4.33,9/14/17,4.35,3.76,6/7/18,,,,5/29/19,"dead; 3.29,3.23",,,8/13/19,
3,pinst,3-J2 pinst,4.55,4.55,5/11/17,7.02,9/14/17,9.13,7.88,6/7/18,,9.33,8.77,5/29/19,,10.98,12.03,8/13/19,
3,pinvi,3-J3 pinvi,2.8,3.36,5/11/17,6.6,9/14/17,7.26,6.24,6/7/18,,5.87,5.92,5/29/19,decline,,,8/13/19,"dead: 5, 5.46"
3,picgl,3-J4 picgl,3.5,3.57,5/11/17,,9/14/17,,,6/7/18,,,,5/29/19,dead,,,8/13/19,
3,pinba,3-J5 pinba,6.86,6.93,5/11/17,,9/14/17,,,6/7/18,,,,5/29/19,empty,,,8/13/19,
3,aceru,3-J6 aceru,3.5,3.5,5/11/17,,9/14/17,,,6/7/18,,,,5/29/19,planted,,,8/13/19,
3,pruse,3-K1 pruse,5.04,4.9,5/11/17,8.64,9/14/17,7.29,6.9,6/7/18,,7.06,7.24,5/29/19,mainstem broken,7.67,7.22,8/13/19,
3,queal,3-K2 queal,4.97,5.6,5/11/17,,9/14/17,,,6/7/18,,,,5/29/19,dead,,,8/13/19,
3,pinta,3-K3 pinta,5.25,5.25,5/11/17,6.51,9/14/17,,,6/7/18,,,,5/29/19,dead,,,8/13/19,
3,pinri,3-K4 pinri,4.2,3.64,5/11/17,4.98,9/14/17,5.75,4.63,6/7/18,,9.57,10.07,5/29/19,,12.29,12.72,8/13/19,
3,picru,3-K5 picru,2.94,2.8,5/11/17,3.07,9/14/17,3.32,3.72,6/7/18,,3.47,3.37,5/29/19,,3.87,3.85,8/13/19,
3,pinst,3-K6 pinst,4.9,4.76,5/11/17,6.03,9/14/17,,,6/7/18,,,,5/29/19,dead,,,8/13/19,
3,picgl,3-L1 picgl,2.73,2.8,5/11/17,3.06,9/14/17,3.67,3.3,6/7/18,,4.84,4.57,5/29/19,,6.22,6.21,8/13/19,
3,quepr,3-L2 quepr,5.04,5.32,5/11/17,6.92,9/14/17,,,6/7/18,,,,5/29/19,dead,,,8/13/19,
3,pinba,3-L3 pinba,7,6.44,5/11/17,9.61,9/14/17,10.23,9.33,6/7/18,,12.86,12.48,5/29/19,,14.96,15.1,8/13/19,
3,quepr,3-L4 quepr,9.17,8.75,5/11/17,,9/14/17,,,6/7/18,,,,5/29/19,dead,,,8/13/19,
3,aceru,3-L5 aceru,2.24,2.1,5/11/17,,9/14/17,,,6/7/18,,,,5/29/19,planted,,,8/13/19,
3,picru,3-L6 picru,3.57,3.36,5/11/17,3.43,9/14/17,3.57,3.57,6/7/18,,3.84,3.59,5/29/19,,4.18,3.85,8/13/19,
3,abiba,3-M1 abiba,3.71,3.71,5/11/17,4.58,9/14/17,4.95,3.68,6/7/18,,5,4.8,5/29/19,,5.7,5.74,8/13/19,
3,picgl,3-M2 picgl,2.8,3.43,5/11/17,4.91,9/14/17,4.11,4.47,6/7/18,,,,5/29/19,"dead: 3.74, 3.88",,,8/13/19,
3,aceru,3-M3 aceru,3.36,3.43,5/11/17,3.4,9/14/17,3.66,3.66,6/7/18,,3.62,3.73,5/29/19,,3.69,4.13,8/13/19,
3,pinvi,3-M4 pinvi,2.24,2.73,5/11/17,3.23,9/14/17,4.24,4.38,6/7/18,,,,5/29/19,dead,,,8/13/19,
3,robps,3-M5 robps,3.57,3.43,5/11/17,8.8,9/14/17,9.58,8.67,6/7/18,,16.64,14.59,5/29/19,top dead,15.39,14.07,8/13/19,
3,robps,3-M6 robps,4.76,4.55,5/11/17,11.78,9/14/17,13.56,15.05,6/7/18,,22.29,24.72,5/29/19,,23.44,22.85,8/13/19,
3,pinta,3-N1 pinta,3.85,3.85,5/11/17,3.63,9/14/17,,,6/7/18,,,,5/29/19,dead,,,8/13/19,
3,queru,3-N2 queru,4.2,4.34,5/11/17,4.73,9/14/17,,,6/7/18,,,,5/29/19,dead,,,8/13/19,
3,pinri,3-N3 pinri,5.6,5.6,5/11/17,7.92,9/14/17,10.17,9.04,6/7/18,,11.09,11.48,5/29/19,,15.92,15.82,8/13/19,
3,queal,3-N4 queal,3.5,3.85,5/11/17,3.79,9/14/17,,,6/7/18,,,,5/29/19,dead,,,8/13/19,
3,pinta,3-N5 pinta,3.5,3.85,5/11/17,3.96,9/14/17,,,6/7/18,,,,5/29/19,dead,,,8/13/19,
3,pinvi,3-O1 pinvi,2.45,2.17,5/11/17,3.53,9/14/17,,,6/7/18,,,,5/29/19,dead,,,8/13/19,
3,picru,3-O2 picru,2.45,2.66,5/11/17,2.5,9/14/17,,,6/7/18,,,,5/29/19,dead,,,8/13/19,
3,abiba,3-O3 abiba,3.5,3.5,5/11/17,4.3,9/14/17,4.82,4.82,6/7/18,,4.59,4.47,5/29/19,looking sad,4.82,5.05,8/13/19,
3,junvi,3-O4 junvi,2.8,2.59,5/11/17,3.6,9/14/17,,,6/7/18,,,,5/29/19,dead,,,8/13/19,
3,pinst,3-O5 pinst,5.6,5.6,5/11/17,5.14,9/14/17,,,6/7/18,,,,5/29/19,dead,,,8/13/19,
3,lirtu,3-P1 lirtu,4.2,3.71,5/11/17,3.77,9/14/17,,,6/7/18,,,,5/29/19,dead,,,8/13/19,
3,junvi,3-P2 junvi,2.45,2.31,5/11/17,2.65,9/14/17,,,6/7/18,,,,5/29/19,dead,,,8/13/19,
3,lirtu,3-P3 lirtu,3.5,3.5,5/11/17,,9/14/17,,,6/7/18,,,,5/29/19,planted,,,8/13/19,
3,queru,3-P4 queru,4.27,4.27,5/11/17,4.7,9/14/17,4.28,5.28,6/7/18,,,,5/29/19,,,,8/13/19,"dead: 4.29, 3.9"
3,pruse,3-P5 pruse,4.9,5.25,5/11/17,5.56,9/14/17,5.51,5.94,6/7/18,,4.81,4.73,5/29/19,top broken,4.77,5.08,8/13/19,
3,queru,3-Q1 queru,2.1,2.31,5/11/17,2.24,9/14/17,,,6/7/18,,,,5/29/19,dead,,,8/13/19,
3,robps,3-Q2 robps,4.55,4.27,5/11/17,16.63,9/14/17,20.5,19.65,6/7/18,,25.55,24.46,5/29/19,,25.19,25.38,8/13/19,
3,pruse,3-Q3 pruse,6.3,7,5/11/17,9.35,9/14/17,8.73,9.47,6/7/18,,10.37,10.56,5/29/19,,11.43,11.05,8/13/19,
3,abiba,3-Q4 abiba,3.15,3.92,5/11/17,3.49,9/14/17,,,6/7/18,,,,5/29/19,planted,,,8/13/19,
3,lirtu,3-Q5 lirtu,4.2,4.2,5/11/17,5.39,9/14/17,,,6/7/18,,,,5/29/19,dead,,,8/13/19,
3,quepr,3-R2 quepr,4.2,4.2,5/11/17,5.3,9/14/17,,,6/7/18,,,,5/29/19,dead,,,8/13/19,
3,pinba,3-R3 pinba,5.25,5.25,5/11/17,7.55,9/14/17,8.16,8.23,6/7/18,,8.85,9.15,5/29/19,,10.42,10.5,8/13/19,
3,pinri,3-R4 pinri,5.6,5.46,5/11/17,5.21,9/14/17,,,6/7/18,,,,5/29/19,dead,,,8/13/19,
3,queal,3-R5 queal,5.53,5.6,5/11/17,7.06,9/14/17,,,6/7/18,,,,5/29/19,dead,,,8/13/19,
4,lirtu,4-A2 lirtu,4,4,5/9/17,4.5,9/25/17,5.5,5.2,6/6/18,,6.42,6.53,5/29/19,Initial measurement was taken on smaller stem,8.53,8.55,8/13/19,
4,pinta,4-A3 pinta,5.95,5.25,5/9/17,7.14,9/25/17,,,6/6/18,,,,5/29/19,Dead,,,8/13/19,
4,abiba,4-A4 abiba,4.13,3.71,5/9/17,6.38,9/25/17,7.44,6.92,6/6/18,,8.52,8.44,5/29/19,Measurement point moved above root collar,10.82,11.3,8/13/19,
4,junvi,4-A5 junvi,2.87,3.15,5/9/17,4.21,9/25/17,5.96,5.55,6/6/18,,6.39,6.08,5/29/19,,6.55,6.25,8/13/19,
4,aceru,4-B1 aceru,2.45,2.8,5/9/17,,9/25/17,,,6/6/18,,,,5/29/19,Dead,,,8/13/19,
4,pinvi,4-B2 pinvi,3.15,3.15,5/9/17,6.66,9/25/17,9.51,9.44,6/6/18,,14.58,14.57,5/29/19,,18.68,16.26,8/13/19,
4,pinri,4-B3 pinri,7.35,7.14,5/9/17,12.53,9/25/17,15.22,14.54,6/6/18,,19,20.42,5/29/19,,22.6,22.87,8/13/19,
4,lirtu,4-B4 lirtu,2.8,3.15,5/9/17,,9/25/17,,,6/6/18,,,,5/29/19,Dead,,,8/13/19,
4,picru,4-B5 picru,3.15,3.08,5/12/17,4.87,9/25/17,5.35,5.38,6/6/18,,6.06,5.95,5/29/19,,6.85,8.13,8/13/19,
4,quepr,4-C1 quepr,2.73,3.5,5/9/17,,9/25/17,,,6/6/18,,,,5/29/19,Dead,,,8/13/19,
4,pinst,4-C2 pinst,4.06,3.85,5/9/17,4.29,9/25/17,,,6/6/18,,,,5/29/19,Dead,,,8/13/19,
4,queru,4-C3 queru,4.62,3.85,5/9/17,6.2,9/25/17,6.2,6.46,6/6/18,,6.26,5.03,5/29/19,,6.26,5.28,8/13/19,
4,queru,4-C4 queru,4.83,4.48,5/9/17,5.25,9/25/17,5.66,5.94,6/6/18,,,,5/29/19,Top dead - stem sprout below old DBH mark,,,8/13/19,"dead: 4.67, 5.49"
4,abiba,4-C5 abiba,3.85,4.34,5/9/17,6.62,9/25/17,6.74,7.16,6/6/18,,7.17,7.42,5/29/19,,9.72,10.41,8/13/19,
4,queal,4-D1 queal,3.5,3.15,5/9/17,5.3,9/25/17,5.1,5.09,6/6/18,,6.41,6.53,5/29/19,,8.06,10.84,8/13/19,
4,aceru,4-D2 aceru,2.45,2.66,5/9/17,3.82,9/25/17,4.3,4.49,6/6/18,,5.24,5.35,5/29/19,,8.65,8.53,8/13/19,
4,picgl,4-D3 picgl,3.36,3.15,5/9/17,4.97,9/25/17,4.93,5.02,6/6/18,,5.05,5.49,5/29/19,New mark .5 cm below old mark,7.14,8.13,8/13/19,
4,quepr,4-D4 quepr,5.25,5.6,5/9/17,5.76,9/25/17,5.39,5.39,6/6/18,,6.27,5.74,5/29/19,,6.37,6.54,8/13/19,
4,queal,4-D5 queal,4.76,4.83,5/9/17,6.89,9/25/17,7.56,6.98,6/6/18,,8.84,8.6,5/29/19,,8.06,9,8/13/19,
4,pinri,4-E1 pinri,4.9,7,5/9/17,9,9/25/17,11.56,12.09,6/6/18,,14.64,16.03,5/29/19,,17.32,18.8,8/13/19,
4,quepr,4-E2 quepr,5.04,4.9,5/9/17,7.06,9/25/17,7.21,7.61,6/6/18,,8.03,8.3,5/29/19,,8.94,8.78,8/13/19,
4,pinta,4-E3 pinta,4.9,5.67,5/9/17,5.43,9/25/17,,,6/6/18,,,,5/29/19,Dead,,,8/13/19,
4,aceru,4-E4 aceru,2.17,2.17,5/9/17,2.07,9/25/17,,,6/6/18,,,,5/29/19,Dead,,,8/13/19,
4,pinvi,4-E5 pinvi,3.64,3.57,5/9/17,6.03,9/25/17,7.16,5.55,6/6/18,,7.57,6.78,5/29/19,,7.16,6.48,8/13/19,
4,picru,4-F1 picru,2.45,2.45,5/12/17,3.77,9/25/17,5.15,5.09,6/6/18,,6.58,6.92,5/29/19,,8.52,8.32,8/13/19,
4,robps,4-F2 robps,5.25,5.25,5/9/17,20.22,9/25/17,23.24,23.13,6/6/18,,48.95,48.92,5/29/19,,62.71,64.41,8/13/19,
4,abiba,4-F3 abiba,2.45,2.45,5/9/17,3.51,9/25/17,3.83,3.57,6/6/18,,4.66,4.17,5/29/19,,5.39,5.11,8/13/19,
4,pinta,4-F4 pinta,3.36,3.5,5/9/17,5.74,9/25/17,6.53,6.67,6/6/18,,7.03,7.76,5/29/19,,6.47,8.07,8/13/19,
4,pinba,4-F5 pinba,4.55,4.76,5/9/17,8.43,9/25/17,11.2,10.44,6/6/18,,12.49,11.28,5/29/19,,14.99,12.63,8/13/19,
4,pruse,4-F6 pruse,,,5/9/17,,9/25/17,,,6/6/18,,,,5/29/19,Aspen,,,8/13/19,Aspen
4,robps,4-G1 robps,3.36,3.43,5/9/17,12.78,9/25/17,14.68,14.65,6/6/18,,24.45,23.42,5/29/19,,25.45,25.54,8/13/19,
4,pruse,4-G2 pruse,5.25,4.9,5/9/17,15.04,9/25/17,16.7,16.68,6/6/18,,26.2,24.39,5/29/19,,27.84,28.55,8/13/19,
4,picru,4-G3 picru,3.71,3.71,5/12/17,6.32,9/25/17,6.36,6.25,6/6/18,,6.72,7.36,5/29/19,,8.42,9.43,8/13/19,
4,picgl,4-G4 picgl,3.5,4.2,5/9/17,5.06,9/25/17,7.19,6.14,6/6/18,,6.81,6.67,5/29/19,,8.45,8.49,8/13/19,
4,pinri,4-G5 pinri,3.85,2.94,5/9/17,4.38,9/25/17,7.47,8.11,6/6/18,,5.87,6.66,5/29/19,,6.32,7.29,8/13/19,
4,queru,4-G6 queru,4.9,4.41,5/9/17,6.73,9/25/17,6.99,7.29,6/6/18,,7.45,7.57,5/29/19,,8.54,8.89,8/13/19,
4,pinst,4-H1 pinst,6.3,5.6,5/9/17,6.61,9/25/17,,,6/6/18,,,,5/29/19,Dead,,,8/13/19,
4,junvi,4-H2 junvi,3.15,3.5,5/9/17,5.66,9/25/17,7.86,7.55,6/6/18,,10.43,10.28,5/29/19,,11.28,12.06,8/13/19,
4,queal,4-H3 queal,3.36,3.5,5/9/17,4.37,9/25/17,4.38,4.39,6/6/18,,4.56,5.11,5/29/19,,5.03,5.44,8/13/19,
4,robps,4-H4 robps,2.94,2.94,5/9/17,7.63,9/25/17,6.34,6.47,6/6/18,,7.69,7.84,5/29/19,,8.21,7.75,8/13/19,
4,pruse,4-H5 pruse,5.6,5.25,5/9/17,5.03,9/25/17,6.04,6.07,6/6/18,,6.14,6.39,5/29/19,,14.97,15.44,8/13/19,
4,pinvi,4-H6 pinvi,3.15,3.36,5/9/17,5.94,9/25/17,8.33,8.94,6/6/18,,,,5/29/19,missing,,,8/13/19,
4,pinba,4-I1 pinba,3.85,3.85,5/9/17,11.68,9/25/17,9.07,10.4,6/6/18,,13.17,15.12,5/29/19,,14.97,19.21,8/13/19,
4,pinba,4-I2 pinba,8.4,9.1,5/9/17,13.73,9/25/17,14.68,14.31,6/6/18,,16.27,15.25,5/29/19,,16.4,17.05,8/13/19,
4,lirtu,4-I3 lirtu,3.71,3.5,5/9/17,,9/25/17,,,6/6/18,,,,5/29/19,Dead,,,8/13/19,
4,pinst,4-I4 pinst,6.16,5.6,5/9/17,9.13,9/25/17,11.38,11.21,6/6/18,,11.69,12.56,5/29/19,,10.69,11.74,8/13/19,
4,junvi,4-I5 junvi,2.94,3.15,5/9/17,4.25,9/25/17,5.91,6.17,6/6/18,,6.99,6.83,5/29/19,,8.45,8.62,8/13/19,
4,picgl,4-I6 picgl,4.2,3.64,5/9/17,7,9/25/17,7.31,7.33,6/6/18,,9.52,8.03,5/29/19,,11.88,13.22,8/13/19,
4,junvi,4-J1 junvi,3.15,3.15,5/9/17,7.75,9/25/17,9.79,10.6,6/6/18,,14.52,14.35,5/29/19,,14.63,15.86,8/13/19,
4,pinst,4-J2 pinst,3.5,3.5,5/9/17,6.36,9/25/17,7.43,6.76,6/6/18,,8.81,8.78,5/29/19,,9.82,10.29,8/13/19,
4,pinvi,4-J3 pinvi,3.15,3.36,5/9/17,7.75,9/25/17,10.07,10.61,6/6/18,,12.39,12.67,5/29/19,,,,8/13/19,"dead: 12.7, 13.07"
4,picgl,4-J4 picgl,2.66,2.8,5/9/17,2.88,9/25/17,2.61,2.94,6/6/18,,,,5/29/19,"dead: 3.91, 4.29",,,8/13/19,
4,pinba,4-J5 pinba,5.95,6.37,5/9/17,12.9,9/25/17,16.45,15.87,6/6/18,,16.26,15.22,5/29/19,,19.25,17.41,8/13/19,
4,aceru,4-J6 aceru,2.45,2.45,5/9/17,2.28,9/25/17,3.04,3.16,6/6/18,,4.51,4.9,5/29/19,,4.92,5.76,8/13/19,
4,pruse,4-K1 pruse,3.15,3.36,5/9/17,,9/25/17,,,6/6/18,,,,5/29/19,Dead,,,8/13/19,
4,queal,4-K2 queal,3.57,3.43,5/9/17,5.09,9/25/17,4.55,5.71,6/6/18,,5.66,6.05,5/29/19,,9.82,9.7,8/13/19,
4,pinta,4-K3 pinta,5,5,5/9/17,9.71,9/25/17,9.18,10.17,6/6/18,,,,5/29/19,,,,8/13/19,"dead: 8.97, 9.95"
4,pinri,4-K4 pinri,3.15,3.36,5/9/17,6.27,9/25/17,8.76,8.82,6/6/18,,9.9,11.32,5/29/19,,10.12,10.77,8/13/19,
4,picru,4-K5 picru,3.36,3.36,5/12/17,5.62,9/25/17,5.9,5.07,6/6/18,,6.53,6.66,5/29/19,,7.64,8.06,8/13/19,
4,pinst,4-K6 pinst,6.3,5.95,5/9/17,8.92,9/25/17,9.11,9.93,6/6/18,,10.76,10.45,5/29/19,,12.58,12.49,8/13/19,
4,picgl,4-L1 picgl,5,5,5/9/17,8,9/25/17,8.26,8.99,6/6/18,,12.83,11.13,5/29/19,,14.73,16.71,8/13/19,
4,quepr,4-L2 quepr,5.25,5.04,5/9/17,6.16,9/25/17,7.45,8.17,6/6/18,,9.28,9.38,5/29/19,,9.95,9.71,8/13/19,
4,pinba,4-L3 pinba,7,7.14,5/9/17,13.47,9/25/17,15.85,15.35,6/6/18,,18.54,17.63,5/29/19,,20.8,21.15,8/13/19,
4,quepr,4-L4 quepr,4.9,4.55,5/9/17,6.12,9/25/17,5.85,5.96,6/6/18,,5.89,6.34,5/29/19,,6.48,6.3,8/13/19,
4,aceru,4-L5 aceru,2.45,2.8,5/9/17,,9/25/17,,,6/6/18,,,,5/29/19,Dead,,,8/13/19,
4,picru,4-L6 picru,3.5,3.71,5/12/17,5.99,9/25/17,6.01,6.41,6/6/18,,6.35,6.61,5/29/19,,,,8/13/19,"dead: 5.08, 5.79"
4,abiba,4-M1 abiba,3.5,3.64,5/9/17,6,9/25/17,6.17,6.29,6/6/18,,7.92,8,5/29/19,,8.81,8.72,8/13/19,
4,picgl,4-M2 picgl,2.8,2.66,5/9/17,3.34,9/25/17,3.01,3.12,6/6/18,,5.21,4.92,5/29/19,"forked stem, one chosen",6.11,6.27,8/13/19,
4,aceru,4-M3 aceru,2.45,2.45,5/9/17,2.55,9/25/17,2.43,2.57,6/6/18,,3.75,3.31,5/29/19,,,,8/13/19,"dead; 2.94, 3.05"
4,pinvi,4-M4 pinvi,2.8,3.08,5/9/17,5.84,9/25/17,7.88,7.99,6/6/18,,6.97,7.42,5/29/19,,,,8/13/19,"dead: 6.74, 6.42"
4,robps,4-M5 robps,4.55,4.76,5/9/17,19.03,9/25/17,21.87,20.33,6/6/18,,35.55,31.62,5/29/19,,35.27,38.1,8/13/19,
4,robps,4-M6 robps,3.15,2.94,5/9/17,13.8,9/25/17,15.63,16.03,6/6/18,,32.58,30.62,5/29/19,,36.56,34.68,8/13/19,
4,pinta,4-N1 pinta,4.9,4.55,5/9/17,8.48,9/25/17,,,6/6/18,,,,5/29/19,Dead,,,8/13/19,
4,queru,4-N2 queru,4.55,4.2,5/9/17,4.73,9/25/17,4.76,4.82,6/6/18,,5.5,4.96,5/29/19,,5.31,4.85,8/13/19,
4,pinri,4-N3 pinri,4.2,4.55,5/9/17,9.07,9/25/17,13.54,12.39,6/6/18,,15.55,16.03,5/29/19,,19.54,18.86,8/13/19,
4,queal,4-N4 queal,6.65,6.51,5/9/17,8.12,9/25/17,1,1,6/6/18,,2,2,5/29/19,,3.76,3.85,8/13/19,stump sprouts
4,pinta,4-N5 pinta,3.92,3.5,5/9/17,5.95,9/25/17,,,6/6/18,,,,5/29/19,Dead,,,8/13/19,
4,pinvi,4-O1 pinvi,4.2,4.2,5/9/17,8.99,9/25/17,10.68,10.89,6/6/18,,11.48,11.11,5/29/19,top dead,,,8/13/19,"dead: 10.68, 10.37"
4,picru,4-O2 picru,3.01,2.94,5/12/17,4.49,9/25/17,5.31,5.34,6/6/18,,5.03,5.05,5/29/19,,5.4,5.28,8/13/19,
4,abiba,4-O3 abiba,2.1,2.45,5/9/17,3.6,9/25/17,3.59,3.91,6/6/18,,5.08,4.63,5/29/19,,5.83,6.58,8/13/19,
4,junvi,4-O4 junvi,2.8,2.8,5/9/17,5.02,9/25/17,6.98,7.02,6/6/18,,7.86,8.56,5/29/19,,8.93,9.63,8/13/19,
4,pinst,4-O5 pinst,3.85,3.85,5/9/17,5.29,9/25/17,7.48,7.46,6/6/18,,7.63,7.64,5/29/19,,9.18,9.96,8/13/19,
4,lirtu,4-P1 lirtu,3.71,3.85,5/9/17,4.81,9/25/17,4.84,5.1,6/6/18,,,,5/29/19,missing,,,8/13/19,
4,junvi,4-P2 junvi,4.55,4.55,5/9/17,7.73,9/25/17,9.9,9.95,6/6/18,,16.84,15.88,5/29/19,,17.19,16.79,8/13/19,
4,lirtu,4-P3 lirtu,3.5,3.5,5/9/17,4.91,9/25/17,,,6/6/18,,,,5/29/19,,,,8/13/19,"dead: 3.6, 3.69"
4,queru,4-P4 queru,4.06,3.85,5/9/17,5.56,9/25/17,4.34,4.59,6/6/18,,4.58,5.2,5/29/19,,4.55,4.82,8/13/19,
4,pruse,4-P5 pruse,5.6,5.95,5/9/17,7.93,9/25/17,8.94,9.16,6/6/18,,13.41,13.96,5/29/19,,17,17,8/13/19,measured below stem split
4,queru,4-Q1 queru,5.25,4.55,5/9/17,6.49,9/25/17,6.72,6.72,6/6/18,,7.14,7.22,5/29/19,,7.74,7.36,8/13/19,
4,robps,4-Q2 robps,5.6,5.53,5/9/17,18.31,9/25/17,21.45,23.3,6/6/18,,41.86,36.6,5/29/19,,40.64,43.69,8/13/19,
4,pruse,4-Q3 pruse,3.15,2.66,5/9/17,9.41,9/25/17,11.56,10.5,6/6/18,,15.68,14.94,5/29/19,,18.26,16.75,8/13/19,
4,abiba,4-Q4 abiba,2.8,3.15,5/9/17,2.85,9/25/17,,,6/6/18,,,,5/29/19,Dead,,,8/13/19,
4,lirtu,4-Q5 lirtu,2.8,2.8,5/9/17,3.26,9/25/17,,,6/6/18,,,,5/29/19,Dead,,,8/13/19,
4,quepr,4-R2 quepr,4.2,4.06,5/9/17,4.88,9/25/17,6.89,7.11,6/6/18,,9.2,8.69,5/29/19,,8.7,8.64,8/13/19,
4,pinba,4-R3 pinba,5.74,5.25,5/9/17,8.93,9/25/17,12.34,12.6,6/6/18,,15.5,16.07,5/29/19,,19.28,20.25,8/13/19,
4,pinri,4-R4 pinri,4.9,4.9,5/9/17,9.4,9/25/17,10.54,10.9,6/6/18,,13.8,13.22,5/29/19,,16.9,16.28,8/13/19,
4,queal,4-R5 queal,3.5,3.85,5/9/17,4.81,9/25/17,,,6/6/18,,,,5/29/19,Dead,,,8/13/19,